Indonesia; ID
Malaysia; MY
Mongolia; MN
Lebanon; LB
New Zealand; NZ
Argentina; AR
Finland; FI
Italy; IT
United States of America; US
Ireland; IE
Columbia;CO
Mexico; MX
Belgium; BE
Pakistan; PK
Canada; CA
Romania; RO
Peru; PE
Austria; AT
Czech Republic;CZ
Guatemala; GT
Poland; PL
Dominican Republic; DO
Russia;RU
Serbia; RS
Chile; CL
Singapore; SG
Oman; OM
Belarus; BY
France; FR
Australia; AU
Egypt; EG
Hungary; HU
Slovakia; SK
Germany; DE
India; IN
Luxemborg;LU
Israel; IL
Uzbekistan; UZ
Macedonia;MK
Portugal; PT
Denmark; DK
Greece; GR
Lithuania; LT
Albania; AL
Norway; NO
Cambodia; KH
Slovenia; SI
Netherlands; NL
Brazil; BR
Haiti; HT
Nigeria; NG
Bulgaria; BG
United Kingdom;GB
Ecuador; EC
Switzerland; CH
Iceland; IS
Turkey; TR
Bosnia / Herzegovina;BA
Latvia; LV
Estonia; EE
Sweden; SE
Ukraine; UA
Philippines; PH
Spain; ES
Hong Kong; HK
Croatia; HR